timestamp_folder,pig_id,pig_present,median_depth,mean_depth,depth_std,depth_iqr,valid_pct,threshold
20260123-14-46-37,0,1,1071.0,1201.2,417.0,574.0,53.9,1463
20260123-14-46-37,1,0,1486.0,1440.7,486.5,423.0,40.5,1463
20260123-14-46-37,2,1,717.0,940.4,441.5,645.0,59.6,1463
20260123-14-46-37,3,1,986.0,1164.3,425.6,612.0,57.4,1463
20260123-14-46-37,4,1,1075.0,1184.6,408.0,663.0,57.2,1463
20260123-14-46-37,5,1,1290.0,1289.3,417.0,693.0,55.5,1463
20260123-14-46-37,6,1,1140.0,1247.9,375.8,579.0,56.4,1463
20260123-14-46-37,7,1,976.0,1164.8,404.1,644.0,58.4,1463
20260123-14-46-37,8,1,1274.0,1257.6,402.7,591.0,56.5,1463
20260123-14-46-37,9,1,1206.0,1261.0,443.3,581.0,56.0,1463
20260123-14-46-37,10,1,924.0,1179.6,480.0,796.0,55.3,1463
20260123-14-46-37,11,1,1294.0,1312.6,423.2,631.0,54.5,1463
20260123-14-46-37,12,0,1551.0,1465.4,511.3,494.0,45.8,1463
20260123-14-46-37,13,1,1113.0,1246.7,421.0,678.0,56.8,1463
20260123-14-46-37,14,1,574.0,829.0,490.0,698.0,62.5,1463
20260123-14-46-37,15,1,1060.0,1178.6,397.6,539.0,51.7,1463
20260123-14-46-37,16,0,1520.0,1436.7,529.7,508.0,42.8,1463
20260123-14-46-37,17,1,808.0,978.4,447.8,606.0,58.8,1463
20260123-15-29-16,0,1,934.0,1144.8,465.6,709.0,57.9,1463
20260123-15-29-16,1,0,1475.0,1408.2,518.7,516.0,44.7,1463
20260123-15-29-16,2,1,1316.0,1356.5,393.9,471.0,56.3,1463
20260123-15-29-16,3,1,867.0,1082.9,442.5,707.0,60.3,1463
20260123-15-29-16,4,1,848.0,1121.9,455.8,734.0,58.6,1463
20260123-15-29-16,5,1,875.0,1121.3,470.6,770.0,57.8,1463
20260123-15-29-16,6,1,1025.0,1198.7,394.0,593.0,55.5,1463
20260123-15-29-16,7,1,1156.0,1195.5,394.9,633.0,58.7,1463
20260123-15-29-16,8,1,1019.0,1187.4,392.6,613.0,57.9,1463
20260123-15-29-16,9,1,1089.0,1210.8,412.2,570.0,56.3,1463
20260123-15-29-16,10,1,512.0,744.2,483.0,136.0,64.8,1463
20260123-15-29-16,11,1,952.0,1154.1,430.8,659.0,56.7,1463
20260123-15-29-16,12,0,1544.0,1487.7,491.2,521.0,44.7,1463
20260123-15-29-16,13,1,1285.0,1297.6,409.3,570.0,56.2,1463
20260123-15-29-16,14,1,472.0,807.9,573.7,883.0,62.3,1463
20260123-15-29-16,15,1,1191.0,1217.6,406.2,573.0,51.6,1463
20260123-15-29-16,16,0,1533.0,1470.3,491.9,490.0,44.0,1463
20260123-15-29-16,17,1,958.0,1082.2,452.0,601.0,59.0,1463
20260123-20-02-26,0,1,1327.0,1205.0,569.7,1052.0,46.7,1463
20260123-20-02-26,1,0,1466.0,1390.1,538.4,574.0,44.3,1463
20260123-20-02-26,2,1,1074.0,1205.2,391.8,534.0,52.0,1463
20260123-20-02-26,3,1,358.0,433.0,299.8,48.0,70.4,1463
20260123-20-02-26,4,1,1304.0,1161.2,504.6,854.0,39.1,1463
20260123-20-02-26,5,1,1319.0,1225.6,514.4,942.0,46.4,1463
20260123-20-02-26,6,1,1322.0,1282.4,473.9,732.2,49.2,1463
20260123-20-02-26,7,1,1296.0,1336.1,383.4,513.0,58.8,1463
20260123-20-02-26,8,1,1286.0,1306.3,355.1,514.8,57.2,1463
20260123-20-02-26,9,1,1300.0,1284.6,511.8,838.0,47.9,1463
20260123-20-02-26,10,1,608.0,773.5,396.9,101.0,65.2,1463
20260123-20-02-26,11,1,448.0,754.6,512.2,796.0,65.2,1463
20260123-20-02-26,12,1,1298.0,1233.4,507.4,855.0,49.4,1463
20260123-20-02-26,13,0,1540.0,1500.6,467.6,525.0,44.6,1463
20260123-20-02-26,14,1,1296.0,1261.8,516.8,838.0,46.5,1463
20260123-20-02-26,15,1,1289.0,1283.0,493.2,817.0,46.5,1463
20260123-20-02-26,16,1,1295.0,1290.5,514.0,758.0,45.7,1463
20260123-20-02-26,17,0,1527.0,1417.9,566.6,531.0,44.9,1463
20260123-20-02-26,18,1,1110.0,1088.6,615.3,1237.0,49.7,1463
20260124-04-02-05,0,1,1335.0,1275.2,520.2,788.0,46.3,1463
20260124-04-02-05,1,0,1553.0,1464.8,511.8,486.0,45.4,1463
20260124-04-02-05,2,1,1319.0,1261.3,470.0,716.0,47.9,1463
20260124-04-02-05,3,1,1321.0,1280.9,501.5,682.0,51.7,1463
20260124-04-02-05,4,1,1306.0,1224.3,537.8,943.0,49.5,1463
20260124-04-02-05,5,1,1317.0,1365.3,458.7,605.0,46.6,1463
20260124-04-02-05,6,1,1298.0,1305.7,471.7,698.0,46.8,1463
20260124-04-02-05,7,1,1305.0,1321.2,493.5,724.0,50.0,1463
20260124-04-02-05,8,1,1310.0,1323.5,469.7,743.0,48.3,1463
20260124-04-02-05,9,1,807.0,1024.6,423.7,693.0,62.5,1463
20260124-04-02-05,10,1,522.0,764.0,484.0,203.0,68.3,1463
20260124-04-02-05,11,1,1353.0,1375.7,438.2,618.0,49.2,1463
20260124-04-02-05,12,1,1297.0,1294.7,480.2,744.0,47.9,1463
20260124-04-02-05,13,0,1544.0,1529.0,435.1,546.0,45.0,1463
20260124-04-02-05,14,1,1293.0,1308.1,491.7,657.0,46.7,1463
20260124-04-02-05,15,1,1351.0,1342.0,458.6,659.0,47.0,1463
20260124-04-02-05,16,1,1300.0,1318.9,502.2,706.0,45.4,1463
20260124-04-02-05,17,0,1516.0,1409.6,557.3,510.0,46.1,1463
20260124-04-02-05,18,1,1213.0,1127.8,589.6,982.0,51.1,1463
20260124-07-45-55,0,1,1330.0,1298.4,445.0,582.0,54.7,1463
20260124-07-45-55,1,0,1535.0,1456.6,515.7,482.0,46.2,1463
20260124-07-45-55,2,1,982.0,1173.5,431.7,673.0,57.6,1463
20260124-07-45-55,3,1,755.0,1041.0,506.1,825.0,63.3,1463
20260124-07-45-55,4,1,331.0,464.8,346.2,61.0,69.4,1463
20260124-07-45-55,5,1,1406.0,1463.9,393.1,502.0,56.6,1463
20260124-07-45-55,6,1,1293.0,1295.6,404.9,569.0,57.3,1463
20260124-07-45-55,7,1,1306.0,1391.4,407.1,495.0,56.1,1463
20260124-07-45-55,8,1,1301.0,1287.7,435.1,660.0,57.0,1463
20260124-07-45-55,9,1,787.0,1073.5,470.3,754.0,61.3,1463
20260124-07-45-55,10,1,1286.0,1296.3,364.1,546.0,58.7,1463
20260124-07-45-55,11,1,1246.0,1194.2,411.8,694.0,59.2,1463
20260124-07-45-55,12,1,1217.0,1198.2,424.0,626.0,57.4,1463
20260124-07-45-55,13,0,1550.0,1531.4,421.5,512.0,47.7,1463
20260124-07-45-55,14,1,1297.0,1321.6,442.8,636.0,58.1,1463
20260124-07-45-55,15,1,763.0,1026.2,472.0,742.0,58.6,1463
20260124-07-45-55,16,1,1208.0,1252.9,436.3,611.0,53.5,1463
20260124-07-45-55,17,0,1551.0,1422.8,568.6,521.0,46.6,1463
20260124-07-45-55,18,1,796.0,972.5,523.5,781.0,59.5,1463
20260124-14-09-40,0,1,892.0,1140.1,484.8,754.0,55.5,1463
20260124-14-09-40,1,0,1534.0,1420.9,550.4,475.0,42.6,1463
20260124-14-09-40,2,1,735.0,988.8,483.4,757.0,56.7,1463
20260124-14-09-40,3,1,1147.0,1216.6,449.8,570.0,57.4,1463
20260124-14-09-40,4,1,718.0,916.3,409.6,572.0,60.7,1463
20260124-14-09-40,5,1,693.0,975.1,486.4,733.0,60.4,1463
20260124-14-09-40,6,1,718.0,987.4,474.3,757.0,60.8,1463
20260124-14-09-40,7,1,782.0,1015.9,440.2,676.0,60.8,1463
20260124-14-09-40,8,1,1031.0,1186.6,400.4,658.0,59.2,1463
20260124-14-09-40,9,1,959.0,1159.8,418.5,646.0,58.9,1463
20260124-14-09-40,10,1,796.0,1015.1,398.1,631.0,60.1,1463
20260124-14-09-40,11,1,695.0,985.8,492.4,798.0,59.5,1463
20260124-14-09-40,12,1,1237.0,1221.0,414.7,595.0,56.5,1463
20260124-14-09-40,13,0,1556.0,1521.5,440.8,489.0,46.2,1463
20260124-14-09-40,14,1,869.0,1113.0,441.8,703.0,57.8,1463
20260124-14-09-40,15,1,760.0,1040.5,478.0,767.0,57.2,1463
20260124-14-09-40,16,1,959.0,1136.0,431.8,607.0,53.0,1463
20260124-14-09-40,17,0,1544.0,1405.5,568.7,495.0,45.6,1463
20260124-14-09-40,18,1,916.0,1038.0,480.2,611.0,58.2,1463
20260124-15-24-17,0,1,565.0,879.0,539.0,876.0,65.3,1463
20260124-15-24-17,1,0,1540.0,1433.8,550.0,488.0,42.8,1463
20260124-15-24-17,2,1,1104.0,1220.3,381.6,529.0,54.1,1463
20260124-15-24-17,3,1,1311.0,1280.8,464.7,633.0,58.8,1463
20260124-15-24-17,4,1,889.0,1101.2,442.7,683.0,59.1,1463
20260124-15-24-17,5,1,858.0,1137.3,450.6,733.0,58.0,1463
20260124-15-24-17,6,1,888.0,1130.9,462.2,758.0,57.7,1463
20260124-15-24-17,7,1,1125.0,1229.0,381.8,597.0,58.1,1463
20260124-15-24-17,8,1,1289.0,1303.8,361.1,531.8,57.6,1463
20260124-15-24-17,9,1,791.0,1058.6,467.7,745.0,61.4,1463
20260124-15-24-17,10,1,638.0,828.1,415.8,114.0,64.1,1463
20260124-15-24-17,11,1,618.0,893.7,505.7,734.0,62.6,1463
20260124-15-24-17,12,1,606.0,904.5,530.3,841.0,63.1,1463
20260124-15-24-17,13,0,1523.0,1496.3,449.5,511.0,47.1,1463
20260124-15-24-17,14,1,1045.0,1209.8,480.0,767.0,56.4,1463
20260124-15-24-17,15,1,760.0,1045.6,485.5,811.0,57.8,1463
20260124-15-24-17,16,1,1084.0,1200.2,407.2,546.0,52.3,1463
20260124-15-24-17,17,0,1534.0,1384.2,591.2,510.0,44.5,1463
20260124-15-24-17,18,1,927.0,1034.2,503.8,641.0,58.5,1463
20260124-23-02-40,0,1,1342.0,1281.8,548.5,947.0,46.0,1463
20260124-23-02-40,1,0,1523.0,1434.9,533.6,478.0,43.5,1463
20260124-23-02-40,2,1,993.0,1158.1,399.7,594.0,54.5,1463
20260124-23-02-40,3,1,1317.0,1183.5,554.8,948.0,50.7,1463
20260124-23-02-40,4,1,1314.0,1245.3,516.6,836.0,48.4,1463
20260124-23-02-40,5,1,1332.0,1341.5,470.9,649.0,48.7,1463
20260124-23-02-40,6,1,1370.0,1379.6,424.9,589.0,49.8,1463
20260124-23-02-40,7,1,1354.5,1315.6,488.2,781.0,51.5,1463
20260124-23-02-40,8,1,1305.0,1310.7,451.0,663.0,48.1,1463
20260124-23-02-40,9,1,1299.0,1280.3,520.3,828.0,49.4,1463
20260124-23-02-40,10,1,1288.0,1253.7,512.0,935.0,47.4,1463
20260124-23-02-40,11,1,1297.0,1302.6,498.7,773.0,46.2,1463
20260124-23-02-40,12,1,1296.0,1251.0,523.9,876.0,48.5,1463
20260124-23-02-40,13,0,1552.0,1529.1,437.3,521.0,44.2,1463
20260124-23-02-40,14,1,1296.0,1292.4,489.9,690.0,46.2,1463
20260124-23-02-40,15,1,1309.0,1321.2,479.2,682.0,46.0,1463
20260124-23-02-40,16,1,1310.0,1349.1,480.7,606.0,44.6,1463
20260124-23-02-40,17,0,1472.0,1390.5,564.5,520.0,46.3,1463
20260124-23-02-40,18,1,1284.0,1151.4,602.3,977.0,49.2,1463
20260125-10-03-32,0,1,785.0,1036.9,467.0,715.0,60.2,1463
20260125-10-03-32,1,0,1558.0,1454.0,520.6,461.0,44.9,1463
20260125-10-03-32,2,1,750.0,988.8,470.9,728.0,57.7,1463
20260125-10-03-32,3,1,1108.0,1220.7,459.0,622.0,58.0,1463
20260125-10-03-32,4,1,942.0,1115.4,390.0,583.0,59.3,1463
20260125-10-03-32,5,1,688.0,1025.8,522.2,835.0,59.6,1463
20260125-10-03-32,6,1,581.0,858.2,513.4,773.0,64.4,1463
20260125-10-03-32,7,1,575.0,738.7,413.5,120.0,66.8,1463
20260125-10-03-32,8,1,799.0,1059.3,434.6,714.0,60.0,1463
20260125-10-03-32,9,1,833.0,1053.6,438.5,678.0,61.1,1463
20260125-10-03-32,10,1,758.0,990.8,410.8,591.0,60.1,1463
20260125-10-03-32,11,1,1276.0,1260.8,401.3,616.0,57.8,1463
20260125-10-03-32,12,1,1088.0,1220.2,437.3,667.0,56.9,1463
20260125-10-03-32,13,0,1587.0,1540.6,430.0,471.0,46.4,1463
20260125-10-03-32,14,1,1230.0,1232.2,452.2,684.0,57.3,1463
20260125-10-03-32,15,1,997.0,1198.7,468.0,764.0,54.6,1463
20260125-10-03-32,16,1,966.0,1144.1,422.4,596.0,54.3,1463
20260125-10-03-32,17,0,1499.0,1404.7,550.6,506.0,45.9,1463
20260125-10-03-32,18,1,1086.0,1138.9,534.0,643.0,57.9,1463
20260125-14-30-01,0,1,816.0,1051.8,447.1,650.0,58.8,1463
20260125-14-30-01,1,0,1541.0,1437.2,543.4,492.0,43.5,1463
20260125-14-30-01,2,1,1055.0,1182.9,390.1,553.0,55.1,1463
20260125-14-30-01,3,1,847.0,1060.5,465.4,686.0,59.7,1463
20260125-14-30-01,4,1,662.0,935.1,537.1,871.0,61.1,1463
20260125-14-30-01,5,1,684.0,1017.6,514.5,854.0,60.9,1463
20260125-14-30-01,6,1,1288.0,1270.0,389.4,545.0,56.4,1463
20260125-14-30-01,7,1,951.0,1146.2,427.7,596.0,56.9,1463
20260125-14-30-01,8,1,922.0,1130.4,396.7,648.0,58.6,1463
20260125-14-30-01,9,1,1295.0,1290.5,454.7,694.0,50.6,1463
20260125-14-30-01,10,1,592.0,838.1,464.8,744.0,63.5,1463
20260125-14-30-01,11,1,760.0,1038.2,466.9,746.0,58.1,1463
20260125-14-30-01,12,1,990.0,1157.2,414.7,586.0,57.1,1463
20260125-14-30-01,13,0,1573.0,1532.3,451.2,514.0,45.6,1463
20260125-14-30-01,14,1,994.0,1162.9,438.2,633.0,56.9,1463
20260125-14-30-01,15,1,1284.0,1255.3,437.1,683.0,53.5,1463
20260125-14-30-01,16,1,990.0,1144.6,416.6,611.0,54.6,1463
20260125-14-30-01,17,0,1533.0,1412.5,568.7,523.0,43.7,1463
20260125-14-30-01,18,1,967.0,1056.1,518.8,608.0,56.3,1463
20260130-02-03-36,0,1,1333.0,1257.1,549.3,902.0,45.3,1463
20260130-02-03-36,1,0,1526.0,1477.1,486.9,491.0,46.1,1463
20260130-02-03-36,2,1,1347.0,1382.5,421.3,553.0,48.8,1463
20260130-02-03-36,3,1,1331.0,1318.7,465.5,637.0,49.0,1463
20260130-02-03-36,4,1,1311.0,1268.2,508.3,831.0,45.7,1463
20260130-02-03-36,5,1,1313.0,1319.8,474.1,672.0,44.7,1463
20260130-02-03-36,6,1,1302.0,1319.3,488.9,711.0,46.2,1463
20260130-02-03-36,7,1,1291.0,1292.8,485.3,743.0,47.8,1463
20260130-02-03-36,8,1,1312.0,1269.4,509.3,759.0,47.9,1463
20260130-02-03-36,9,1,1298.0,1317.6,467.5,717.0,45.7,1463
20260130-02-03-36,10,1,1368.0,1330.2,497.2,752.0,47.5,1463
20260130-02-03-36,11,1,1389.0,1388.9,419.4,566.0,46.8,1463
20260130-02-03-36,12,1,1300.0,1276.7,507.8,828.0,45.8,1463
20260130-02-03-36,13,0,1544.0,1435.5,552.9,520.0,44.2,1463
20260130-02-03-36,14,1,1334.0,1326.8,498.8,775.0,44.7,1463
20260130-02-03-36,15,1,1320.0,1253.6,545.7,849.0,46.4,1463
20260130-02-03-36,16,1,1324.0,1329.7,502.5,764.0,42.7,1463
20260130-02-03-36,17,0,1536.0,1477.2,490.4,539.0,43.2,1463
20260130-02-03-36,18,1,1179.0,1148.3,597.4,1015.0,46.3,1463
20260130-05-04-48,0,1,1340.0,1230.6,579.0,1067.0,46.6,1463
20260130-05-04-48,1,0,1529.0,1479.8,491.1,506.0,46.2,1463
20260130-05-04-48,2,1,1328.0,1339.9,423.8,566.0,47.4,1463
20260130-05-04-48,3,1,1334.0,1319.6,462.4,622.0,49.8,1463
20260130-05-04-48,4,1,1335.0,1293.0,477.8,694.0,47.8,1463
20260130-05-04-48,5,1,1311.0,1251.6,510.0,856.0,47.5,1463
20260130-05-04-48,6,1,1301.0,1267.6,518.2,928.0,47.3,1463
20260130-05-04-48,7,1,1319.0,1325.0,475.7,679.0,46.9,1463
20260130-05-04-48,8,1,1336.0,1291.1,500.8,741.0,47.4,1463
20260130-05-04-48,9,1,1302.0,1303.9,473.4,687.0,46.0,1463
20260130-05-04-48,10,1,1293.0,1276.5,499.4,850.0,46.7,1463
20260130-05-04-48,11,1,1332.0,1353.5,465.3,722.0,44.5,1463
20260130-05-04-48,12,1,1316.0,1306.0,522.4,834.0,45.5,1463
20260130-05-04-48,13,0,1547.0,1432.0,560.7,528.0,44.9,1463
20260130-05-04-48,14,1,1335.0,1337.5,477.7,688.0,45.0,1463
20260130-05-04-48,15,1,1332.0,1297.7,522.6,827.0,45.4,1463
20260130-05-04-48,16,1,1342.0,1354.5,501.9,761.0,42.6,1463
20260130-05-04-48,17,0,1535.0,1470.2,491.0,523.0,43.4,1463
20260130-05-04-48,18,1,1353.0,1232.0,571.4,918.0,48.5,1463
20260130-08-16-40,0,1,1132.0,1221.0,440.0,601.0,55.0,1463
20260130-08-16-40,1,0,1570.0,1480.9,494.1,450.0,45.8,1463
20260130-08-16-40,2,1,814.0,1079.5,462.0,786.0,57.9,1463
20260130-08-16-40,3,1,975.0,1139.1,409.9,633.0,60.1,1463
20260130-08-16-40,4,1,855.0,1140.4,457.6,771.0,58.4,1463
20260130-08-16-40,5,1,1291.0,1263.9,411.5,633.0,55.7,1463
20260130-08-16-40,6,1,1270.0,1250.3,389.3,568.0,57.5,1463
20260130-08-16-40,7,1,714.0,971.6,436.2,694.0,60.7,1463
20260130-08-16-40,8,1,1306.0,1255.1,444.0,694.0,56.2,1463
20260130-08-16-40,9,1,1461.0,1400.3,438.6,582.0,48.4,1463
20260130-08-16-40,10,1,596.0,799.4,438.0,150.0,65.0,1463
20260130-08-16-40,11,1,1305.0,1258.8,475.4,824.0,55.7,1463
20260130-08-16-40,12,1,1286.0,1274.6,406.0,552.0,52.4,1463
20260130-08-16-40,13,0,1545.0,1465.8,519.9,493.0,46.1,1463
20260130-08-16-40,14,1,862.0,1124.8,457.9,744.0,56.9,1463
20260130-08-16-40,15,1,890.0,1086.7,449.6,640.0,56.1,1463
20260130-08-16-40,16,1,971.0,1151.2,410.2,623.0,52.4,1463
20260130-08-16-40,17,0,1565.0,1506.6,463.4,453.0,44.2,1463
20260130-08-16-40,18,1,1135.0,1204.8,479.2,574.0,55.8,1463
20260130-12-04-59,0,1,893.0,1148.1,482.7,768.0,57.6,1463
20260130-12-04-59,1,0,1575.0,1468.6,513.6,479.0,43.8,1463
20260130-12-04-59,2,1,1243.0,1304.7,368.9,495.0,56.0,1463
20260130-12-04-59,3,1,782.0,1053.5,508.2,801.0,56.5,1463
20260130-12-04-59,4,1,1329.0,1288.7,493.8,766.8,47.1,1463
20260130-12-04-59,5,1,607.0,902.1,515.4,778.0,61.9,1463
20260130-12-04-59,6,1,646.0,899.8,462.9,718.0,62.1,1463
20260130-12-04-59,7,1,632.0,843.4,446.7,348.0,62.8,1463
20260130-12-04-59,8,1,804.0,1038.7,473.0,713.0,56.9,1463
20260130-12-04-59,9,1,1409.0,1369.9,439.4,587.5,46.5,1463
20260130-12-04-59,10,1,778.0,1017.2,409.1,642.0,59.1,1463
20260130-12-04-59,11,1,992.0,1185.1,424.4,708.0,55.3,1463
20260130-12-04-59,12,1,824.0,1056.7,455.6,687.0,56.2,1463
20260130-12-04-59,13,0,1559.0,1471.0,516.8,502.0,45.2,1463
20260130-12-04-59,14,1,699.0,955.1,457.5,750.0,60.3,1463
20260130-12-04-59,15,1,603.0,974.6,590.3,1020.0,57.9,1463
20260130-12-04-59,16,1,968.0,1150.7,414.5,635.0,52.3,1463
20260130-12-04-59,17,0,1559.0,1452.0,528.2,489.0,42.6,1463
20260130-12-04-59,18,1,978.0,1104.8,490.1,659.0,54.7,1463
20260130-15-59-29,0,1,808.0,1026.8,459.9,667.0,58.2,1463
20260130-15-59-29,1,0,1563.0,1439.3,550.5,512.0,43.8,1463
20260130-15-59-29,2,1,1308.0,1328.4,387.6,552.0,54.5,1463
20260130-15-59-29,3,1,1130.0,1211.4,382.8,519.0,56.7,1463
20260130-15-59-29,4,1,288.0,300.1,54.8,28.0,71.6,1463
20260130-15-59-29,5,1,419.0,772.1,586.0,956.0,65.1,1463
20260130-15-59-29,6,1,590.0,823.5,478.3,252.0,64.5,1463
20260130-15-59-29,7,1,773.0,1075.2,499.2,831.0,56.3,1463
20260130-15-59-29,8,1,938.0,1137.3,437.2,694.0,57.2,1463
20260130-15-59-29,9,1,1424.0,1374.2,432.9,589.0,47.2,1463
20260130-15-59-29,10,1,791.0,1022.0,444.8,694.0,58.4,1463
20260130-15-59-29,11,1,779.0,1079.1,489.4,813.0,55.5,1463
20260130-15-59-29,12,1,1285.0,1299.2,409.1,614.0,53.6,1463
20260130-15-59-29,13,0,1566.0,1453.3,540.2,502.0,45.6,1463
20260130-15-59-29,14,1,1264.0,1256.6,427.9,680.0,54.5,1463
20260130-15-59-29,15,1,755.0,1042.3,541.2,868.0,55.0,1463
20260130-15-59-29,16,1,979.0,1144.7,401.1,586.0,51.0,1463
20260130-15-59-29,17,0,1559.0,1483.0,498.0,504.0,41.2,1463
20260130-15-59-29,18,1,943.0,1081.4,450.0,625.0,55.4,1463
20260130-18-39-23,0,1,1325.0,1185.2,593.1,1095.0,45.9,1463
20260130-18-39-23,1,0,1495.0,1427.3,517.9,477.0,43.4,1463
20260130-18-39-23,2,1,1337.0,1352.9,433.3,599.0,49.1,1463
20260130-18-39-23,3,1,1321.0,1306.2,484.2,701.0,49.9,1463
20260130-18-39-23,4,1,1330.0,1278.0,515.8,918.0,46.9,1463
20260130-18-39-23,5,1,908.0,1135.2,443.0,716.0,58.0,1463
20260130-18-39-23,6,1,1303.0,1338.1,444.5,637.0,47.6,1463
20260130-18-39-23,7,1,1297.0,1251.1,544.2,1018.0,48.6,1463
20260130-18-39-23,8,1,726.0,1019.6,517.9,892.0,61.3,1463
20260130-18-39-23,9,1,1429.0,1377.9,434.7,646.0,48.3,1463
20260130-18-39-23,10,1,911.0,1132.3,384.9,634.0,57.8,1463
20260130-18-39-23,11,1,950.0,1165.5,437.0,706.0,54.0,1463
20260130-18-39-23,12,1,1297.0,1282.7,494.9,782.0,45.5,1463
20260130-18-39-23,13,0,1491.0,1433.3,518.8,497.0,45.5,1463
20260130-18-39-23,14,1,269.0,276.6,27.0,31.0,73.4,1463
20260130-18-39-23,15,1,1312.0,1299.1,499.8,678.0,47.5,1463
20260130-18-39-23,16,1,1067.0,1205.9,451.3,716.0,50.5,1463
20260130-18-39-23,17,0,1552.0,1482.1,503.2,526.0,41.9,1463
20260130-18-39-23,18,1,1241.0,1163.4,590.0,1030.0,47.1,1463
20260130-21-08-37,0,1,1326.0,1215.8,571.5,1028.0,46.0,1463
20260130-21-08-37,1,0,1549.0,1465.1,523.4,509.0,44.5,1463
20260130-21-08-37,2,1,1330.0,1308.6,455.6,686.0,46.9,1463
20260130-21-08-37,3,1,1320.0,1304.3,476.8,667.0,49.5,1463
20260130-21-08-37,4,1,1331.0,1279.4,510.9,832.0,46.7,1463
20260130-21-08-37,5,1,1318.0,1274.6,517.8,828.0,47.5,1463
20260130-21-08-37,6,1,1307.0,1306.6,461.6,675.8,46.9,1463
20260130-21-08-37,7,1,1326.0,1325.4,460.1,687.0,48.7,1463
20260130-21-08-37,8,1,637.0,945.9,545.9,918.0,61.8,1463
20260130-21-08-37,9,1,1319.0,1341.7,462.4,664.0,46.8,1463
20260130-21-08-37,10,1,907.0,1141.5,443.7,759.0,57.5,1463
20260130-21-08-37,11,1,1173.0,1253.9,414.1,576.0,52.7,1463
20260130-21-08-37,12,1,1303.0,1217.2,540.2,988.0,47.3,1463
20260130-21-08-37,13,0,1549.0,1444.0,544.7,524.0,44.8,1463
20260130-21-08-37,14,1,1327.0,1326.1,499.8,766.0,44.9,1463
20260130-21-08-37,15,1,1306.0,1282.2,533.3,799.0,45.3,1463
20260130-21-08-37,16,1,1325.0,1342.2,501.0,705.0,42.1,1463
20260130-21-08-37,17,0,1508.0,1437.0,525.2,514.0,43.4,1463
20260130-21-08-37,18,1,1226.0,1155.3,583.9,1002.0,48.0,1463
20260130-23-59-10,0,1,1328.0,1222.3,543.4,917.0,45.9,1463
20260130-23-59-10,1,0,1553.0,1477.4,507.0,501.0,45.6,1463
20260130-23-59-10,2,1,1333.0,1321.8,436.7,619.0,46.6,1463
20260130-23-59-10,3,1,1326.0,1295.9,483.7,661.0,49.5,1463
20260130-23-59-10,4,1,1310.0,1263.7,517.3,865.0,46.1,1463
20260130-23-59-10,5,1,1316.0,1325.5,473.0,638.0,46.1,1463
20260130-23-59-10,6,1,1308.0,1310.3,455.4,679.0,47.9,1463
20260130-23-59-10,7,1,1353.0,1338.6,454.1,681.0,49.2,1463
20260130-23-59-10,8,1,1289.0,1270.1,477.1,652.0,47.4,1463
20260130-23-59-10,9,1,1325.0,1328.9,456.4,614.5,45.2,1463
20260130-23-59-10,10,1,1292.0,1267.1,503.4,859.0,46.7,1463
20260130-23-59-10,11,1,1335.0,1348.7,466.3,707.0,45.2,1463
20260130-23-59-10,12,1,1297.0,1268.5,508.6,841.0,46.5,1463
20260130-23-59-10,13,0,1540.0,1440.0,545.7,524.0,44.8,1463
20260130-23-59-10,14,1,1344.0,1349.6,485.8,698.2,44.2,1463
20260130-23-59-10,15,1,1305.0,1280.5,532.5,780.0,44.8,1463
20260130-23-59-10,16,1,1314.0,1328.6,509.1,792.0,43.1,1463
20260130-23-59-10,17,0,1538.0,1474.2,498.8,538.0,43.0,1463
20260130-23-59-10,18,1,1188.0,1144.6,599.4,1031.0,47.1,1463
20260131-00-20-29,0,1,1329.0,1189.2,559.6,973.0,48.0,1463
20260131-00-20-29,1,0,1549.0,1477.8,500.4,485.0,44.7,1463
20260131-00-20-29,2,1,1339.0,1333.4,439.3,638.0,47.8,1463
20260131-00-20-29,3,1,1340.0,1317.5,478.5,694.0,48.6,1463
20260131-00-20-29,4,1,1310.0,1252.5,516.8,874.0,46.9,1463
20260131-00-20-29,5,1,1330.0,1335.8,475.6,675.0,46.6,1463
20260131-00-20-29,6,1,1332.0,1335.2,451.0,690.0,48.4,1463
20260131-00-20-29,7,1,1375.0,1348.9,447.6,688.0,49.2,1463
20260131-00-20-29,8,1,1307.0,1279.0,483.6,705.0,47.6,1463
20260131-00-20-29,9,1,1313.0,1349.1,423.1,589.0,45.4,1463
20260131-00-20-29,10,1,1302.0,1275.1,518.1,921.0,47.6,1463
20260131-00-20-29,11,1,1344.0,1360.4,464.7,707.0,45.4,1463
20260131-00-20-29,12,1,1315.0,1327.5,489.8,780.0,46.4,1463
20260131-00-20-29,13,0,1552.0,1467.9,520.9,517.5,44.5,1463
20260131-00-20-29,14,1,1355.0,1332.3,496.8,739.0,44.6,1463
20260131-00-20-29,15,1,1312.0,1288.4,535.8,814.0,45.3,1463
20260131-00-20-29,16,1,1327.0,1337.4,504.2,779.0,42.7,1463
20260131-00-20-29,17,0,1536.0,1471.4,495.4,517.0,42.8,1463
20260131-00-20-29,18,1,1216.0,1172.3,594.2,1031.0,46.3,1463
20260131-03-11-03,0,1,1338.0,1227.9,576.4,1078.0,46.9,1463
20260131-03-11-03,1,0,1542.0,1477.5,497.7,515.0,46.0,1463
20260131-03-11-03,2,1,1336.0,1335.6,440.1,615.0,47.2,1463
20260131-03-11-03,3,1,1329.0,1297.1,484.4,670.0,49.6,1463
20260131-03-11-03,4,1,1309.0,1258.7,512.0,852.0,46.2,1463
20260131-03-11-03,5,1,1313.0,1342.5,464.6,610.0,45.0,1463
20260131-03-11-03,6,1,1308.0,1321.1,476.6,742.2,46.1,1463
20260131-03-11-03,7,1,1295.0,1296.5,482.2,687.0,47.5,1463
20260131-03-11-03,8,1,1357.0,1271.5,527.9,863.0,48.3,1463
20260131-03-11-03,9,1,1350.0,1338.8,447.2,582.0,46.4,1463
20260131-03-11-03,10,1,1339.0,1309.2,492.1,794.0,47.1,1463
20260131-03-11-03,11,1,1353.0,1364.4,437.7,663.0,46.9,1463
20260131-03-11-03,12,1,1302.0,1289.9,503.6,799.0,46.1,1463
20260131-03-11-03,13,0,1553.0,1456.4,539.0,521.0,44.3,1463
20260131-03-11-03,14,1,1334.0,1323.5,495.7,745.0,44.2,1463
20260131-03-11-03,15,1,1297.0,1264.8,542.3,858.2,45.4,1463
20260131-03-11-03,16,1,1330.0,1352.5,491.9,736.0,42.2,1463
20260131-03-11-03,17,0,1527.0,1466.4,499.8,527.0,43.4,1463
20260131-03-11-03,18,1,1251.0,1158.7,597.6,1011.2,46.9,1463
20260131-06-44-14,0,1,969.0,1164.6,471.6,691.0,55.7,1463
20260131-06-44-14,1,0,1576.0,1484.7,494.3,453.0,46.0,1463
20260131-06-44-14,2,1,1155.0,1239.3,377.3,580.0,57.2,1463
20260131-06-44-14,3,1,1070.0,1199.1,445.1,665.0,57.0,1463
20260131-06-44-14,4,1,758.0,937.0,481.1,730.0,60.1,1463
20260131-06-44-14,5,1,751.0,1063.1,496.3,799.0,57.8,1463
20260131-06-44-14,6,1,372.0,490.8,371.5,62.0,68.4,1463
20260131-06-44-14,7,1,613.0,926.8,532.1,921.0,63.2,1463
20260131-06-44-14,8,1,662.0,891.3,445.1,717.0,61.9,1463
20260131-06-44-14,9,1,1325.0,1336.7,451.6,652.0,45.4,1463
20260131-06-44-14,10,1,1331.0,1296.6,490.7,752.0,47.6,1463
20260131-06-44-14,11,1,768.0,1040.3,429.8,715.0,59.1,1463
20260131-06-44-14,12,1,867.0,1091.2,438.2,686.0,56.1,1463
20260131-06-44-14,13,0,1574.0,1473.1,518.9,490.0,45.8,1463
20260131-06-44-14,14,1,971.0,1168.0,436.4,685.0,56.5,1463
20260131-06-44-14,15,1,1427.0,1344.8,543.2,810.0,45.1,1463
20260131-06-44-14,16,1,1006.0,1211.1,424.4,660.0,51.9,1463
20260131-06-44-14,17,0,1529.0,1461.9,500.4,524.0,43.5,1463
20260131-06-44-14,18,1,1359.0,1249.1,571.5,907.0,49.0,1463
20260131-09-02-48,0,1,1121.0,1229.9,439.5,603.0,55.4,1463
20260131-09-02-48,1,0,1555.0,1473.2,502.4,462.0,45.6,1463
20260131-09-02-48,2,1,934.0,1159.5,432.7,695.0,56.7,1463
20260131-09-02-48,3,1,1035.0,1171.0,412.4,639.0,60.0,1463
20260131-09-02-48,4,1,670.0,951.0,496.5,784.0,61.7,1463
20260131-09-02-48,5,1,1028.0,1188.0,451.0,711.0,56.9,1463
20260131-09-02-48,6,1,1238.0,1214.5,402.2,597.0,55.9,1463
20260131-09-02-48,7,1,422.0,537.9,364.4,60.0,68.8,1463
20260131-09-02-48,8,1,564.0,846.5,527.5,885.0,64.8,1463
20260131-09-02-48,9,1,1382.0,1379.0,444.6,596.0,46.9,1463
20260131-09-02-48,10,1,795.0,1026.5,427.5,636.0,58.6,1463
20260131-09-02-48,11,1,1275.0,1267.1,395.2,620.0,55.1,1463
20260131-09-02-48,12,1,1291.0,1275.3,399.4,578.0,54.0,1463
20260131-09-02-48,13,0,1569.0,1482.4,512.9,494.0,45.9,1463
20260131-09-02-48,14,1,1283.0,1271.4,422.3,666.0,55.9,1463
20260131-09-02-48,15,1,782.0,1018.2,479.4,733.0,56.9,1463
20260131-09-02-48,16,1,981.0,1186.1,435.0,673.0,52.0,1463
20260131-09-02-48,17,0,1549.0,1482.7,494.6,529.0,44.4,1463
20260131-09-02-48,18,1,1063.0,1186.0,499.6,689.0,55.9,1463
20260131-12-14-40,0,1,761.0,1063.4,514.1,869.0,59.8,1463
20260131-12-14-40,1,0,1557.0,1452.5,526.7,488.0,44.9,1463
20260131-12-14-40,2,1,1313.0,1320.2,368.5,525.0,56.0,1463
20260131-12-14-40,3,1,1199.0,1262.9,425.3,555.0,54.4,1463
20260131-12-14-40,4,1,799.0,1014.5,513.7,895.0,58.4,1463
20260131-12-14-40,5,1,1274.0,1231.1,400.9,615.0,56.7,1463
20260131-12-14-40,6,1,1086.0,1172.4,424.5,638.0,56.6,1463
20260131-12-14-40,7,1,579.0,785.9,442.8,148.0,64.4,1463
20260131-12-14-40,8,1,928.0,1150.9,470.7,753.0,57.3,1463
20260131-12-14-40,9,1,1411.0,1364.4,448.8,624.5,47.8,1463
20260131-12-14-40,10,1,652.0,961.7,498.9,848.0,60.6,1463
20260131-12-14-40,11,1,662.0,951.6,498.2,786.0,59.3,1463
20260131-12-14-40,12,1,952.0,1163.2,430.2,658.0,55.3,1463
20260131-12-14-40,13,0,1570.0,1459.9,536.1,506.0,45.4,1463
20260131-12-14-40,14,1,1280.0,1278.0,418.5,666.0,55.5,1463
20260131-12-14-40,15,1,761.0,1042.4,514.4,810.0,56.5,1463
20260131-12-14-40,16,1,997.0,1192.3,477.3,685.0,47.9,1463
20260131-12-14-40,17,0,1548.0,1470.0,509.7,504.0,43.0,1463
20260131-12-14-40,18,1,1013.0,1111.8,464.0,600.0,56.0,1463
20260131-15-15-55,0,1,480.0,705.8,495.5,130.0,68.2,1463
20260131-15-15-55,1,0,1565.0,1443.6,547.1,496.0,44.9,1463
20260131-15-15-55,2,1,1207.0,1274.4,382.7,538.0,53.3,1463
20260131-15-15-55,3,1,766.0,998.6,480.5,736.0,59.4,1463
20260131-15-15-55,4,1,799.0,1043.4,426.1,655.0,59.9,1463
20260131-15-15-55,5,1,1052.0,1183.7,479.4,832.0,57.9,1463
20260131-15-15-55,6,1,1156.0,1216.7,408.9,624.0,55.2,1463
20260131-15-15-55,7,1,679.0,916.9,475.5,678.0,61.6,1463
20260131-15-15-55,8,1,1231.0,1248.7,417.9,569.0,54.7,1463
20260131-15-15-55,9,1,1353.0,1368.6,461.0,670.0,47.0,1463
20260131-15-15-55,10,1,562.0,719.2,401.3,83.0,65.5,1463
20260131-15-15-55,11,1,871.0,1156.8,479.6,822.0,55.9,1463
20260131-15-15-55,12,1,1151.0,1250.9,431.3,656.0,54.4,1463
20260131-15-15-55,13,0,1540.0,1435.6,556.0,529.0,45.5,1463
20260131-15-15-55,14,1,1288.0,1285.2,433.8,666.0,54.5,1463
20260131-15-15-55,15,1,743.0,980.9,468.7,632.0,57.6,1463
20260131-15-15-55,16,1,926.0,1174.4,510.1,842.0,50.7,1463
20260131-15-15-55,17,0,1518.0,1454.3,513.7,517.0,44.5,1463
20260131-15-15-55,18,1,995.0,1131.5,484.4,658.0,58.6,1463
20260131-18-27-50,0,1,1326.0,1175.2,598.6,1111.0,46.3,1463
20260131-18-27-50,1,0,1493.0,1419.1,520.7,462.0,45.1,1463
20260131-18-27-50,2,1,1335.0,1361.8,373.1,484.0,55.5,1463
20260131-18-27-50,3,1,1330.0,1365.2,422.6,415.0,54.4,1463
20260131-18-27-50,4,1,1347.0,1301.9,499.2,803.0,48.8,1463
20260131-18-27-50,5,1,1307.0,1305.7,362.9,490.0,55.4,1463
20260131-18-27-50,6,1,1292.0,1268.1,489.4,710.0,48.8,1463
20260131-18-27-50,7,1,667.0,913.7,459.6,707.0,62.6,1463
20260131-18-27-50,8,1,1008.0,1167.6,424.6,668.5,58.0,1463
20260131-18-27-50,9,1,1439.0,1381.6,440.0,621.0,48.5,1463
20260131-18-27-50,10,1,727.0,995.3,459.5,758.0,58.0,1463
20260131-18-27-50,11,1,761.0,1053.9,484.3,796.0,57.1,1463
20260131-18-27-50,12,1,1294.0,1278.4,501.4,800.0,46.5,1463
20260131-18-27-50,13,0,1525.0,1438.0,538.1,521.0,45.0,1463
20260131-18-27-50,14,1,1303.0,1258.4,522.2,924.0,44.4,1463
20260131-18-27-50,15,1,1325.0,1268.5,532.0,779.0,45.6,1463
20260131-18-27-50,16,1,1335.0,1301.3,522.1,879.0,42.5,1463
20260131-18-27-50,17,0,1547.0,1476.9,495.0,512.0,42.1,1463
20260131-18-27-50,18,1,1275.0,1165.9,583.4,995.0,47.7,1463
20260131-21-07-44,0,1,1326.0,1225.2,555.2,973.0,45.9,1463
20260131-21-07-44,1,0,1533.0,1441.0,534.2,496.0,44.2,1463
20260131-21-07-44,2,1,1104.0,1205.7,357.4,508.0,53.5,1463
20260131-21-07-44,3,1,1294.0,1205.2,510.5,843.0,49.6,1463
20260131-21-07-44,4,1,1326.0,1288.9,490.0,817.0,49.4,1463
20260131-21-07-44,5,1,753.0,1026.5,464.5,721.0,58.3,1463
20260131-21-07-44,6,1,1316.0,1318.6,489.6,746.0,45.4,1463
20260131-21-07-44,7,1,1303.0,1246.4,503.4,850.0,49.9,1463
20260131-21-07-44,8,1,555.0,777.5,474.9,170.0,67.8,1463
20260131-21-07-44,9,1,1317.0,1344.7,437.1,563.0,45.5,1463
20260131-21-07-44,10,1,1286.0,1216.3,541.5,1012.0,48.1,1463
20260131-21-07-44,11,1,1347.0,1329.5,478.9,742.0,46.0,1463
20260131-21-07-44,12,1,1309.0,1260.2,506.4,916.0,46.3,1463
20260131-21-07-44,13,0,1550.0,1455.6,538.9,524.0,44.9,1463
20260131-21-07-44,14,1,1294.0,1171.8,576.1,1100.0,46.2,1463
20260131-21-07-44,15,1,1308.0,1246.6,547.1,887.0,45.9,1463
20260131-21-07-44,16,1,1336.0,1327.2,500.7,750.0,42.3,1463
20260131-21-07-44,17,0,1527.0,1458.0,508.1,532.0,43.2,1463
20260131-21-07-44,18,1,1184.0,1151.4,594.1,1022.0,46.4,1463
20260201-01-12-54,0,1,1344.0,1235.7,585.5,1132.0,46.3,1463
20260201-01-12-54,1,0,1535.0,1470.2,509.7,513.0,46.2,1463
20260201-01-12-54,2,1,1340.0,1360.3,421.5,543.0,47.9,1463
20260201-01-12-54,3,1,1322.0,1302.3,481.9,696.2,49.7,1463
20260201-01-12-54,4,1,1316.0,1260.5,505.0,810.0,46.4,1463
20260201-01-12-54,5,1,1352.0,1370.0,472.6,627.0,46.4,1463
20260201-01-12-54,6,1,1289.0,1247.2,517.3,897.0,47.7,1463
20260201-01-12-54,7,1,1298.0,1247.7,533.0,967.0,47.8,1463
20260201-01-12-54,8,1,1306.0,1259.2,503.6,731.0,47.6,1463
20260201-01-12-54,9,1,1398.0,1359.0,439.0,559.0,46.3,1463
20260201-01-12-54,10,1,1289.0,1254.7,498.8,869.0,46.8,1463
20260201-01-12-54,11,1,1320.0,1345.8,472.1,699.0,45.3,1463
20260201-01-12-54,12,1,1292.0,1228.8,521.8,936.0,47.3,1463
20260201-01-12-54,13,0,1545.0,1451.5,535.8,522.0,44.5,1463
20260201-01-12-54,14,1,1327.0,1309.8,512.7,813.0,44.9,1463
20260201-01-12-54,15,1,1298.0,1271.1,531.6,820.0,45.5,1463
20260201-01-12-54,16,1,1334.0,1367.3,481.6,680.0,42.3,1463
20260201-01-12-54,17,0,1529.0,1453.0,511.6,528.0,43.1,1463
20260201-01-12-54,18,1,1234.0,1169.8,595.1,992.0,46.1,1463
20260201-04-24-46,0,1,1332.0,1239.6,555.9,953.0,45.7,1463
20260201-04-24-46,1,0,1526.0,1464.9,495.7,503.0,45.9,1463
20260201-04-24-46,2,1,1333.0,1297.6,471.0,732.0,47.1,1463
20260201-04-24-46,3,1,1380.0,1355.9,476.2,729.0,51.6,1463
20260201-04-24-46,4,1,1296.0,1285.5,401.3,562.0,56.1,1463
20260201-04-24-46,5,1,1324.0,1353.8,478.5,643.5,45.0,1463
20260201-04-24-46,6,1,1303.0,1319.6,490.4,728.0,45.4,1463
20260201-04-24-46,7,1,1296.0,1317.2,465.4,665.0,47.1,1463
20260201-04-24-46,8,1,1337.0,1284.1,535.7,908.2,47.1,1463
20260201-04-24-46,9,1,1338.0,1339.5,451.1,645.0,45.7,1463
20260201-04-24-46,10,1,1362.0,1303.4,493.1,827.0,47.0,1463
20260201-04-24-46,11,1,1395.0,1393.1,425.2,592.0,47.4,1463
20260201-04-24-46,12,1,1332.0,1313.2,488.8,746.0,46.2,1463
20260201-04-24-46,13,0,1547.0,1464.6,523.3,523.0,44.1,1463
20260201-04-24-46,14,1,1325.0,1332.0,495.6,753.0,44.7,1463
20260201-04-24-46,15,1,1301.0,1251.9,549.8,902.0,46.0,1463
20260201-04-24-46,16,1,1350.0,1337.7,519.4,854.0,42.8,1463
20260201-04-24-46,17,0,1535.0,1475.5,496.7,477.0,45.2,1463
20260201-04-24-46,18,1,906.0,1041.7,461.4,660.0,59.0,1463
20260201-07-36-39,0,1,879.0,1145.0,484.2,783.0,57.5,1463
20260201-07-36-39,1,0,1590.0,1499.2,477.2,454.0,45.3,1463
20260201-07-36-39,2,1,774.0,1028.0,472.0,778.0,58.4,1463
20260201-07-36-39,3,1,961.0,1142.0,439.0,686.0,58.0,1463
20260201-07-36-39,4,1,1332.0,1324.7,467.1,687.0,47.0,1463
20260201-07-36-39,5,1,1317.0,1345.7,391.0,570.0,56.1,1463
20260201-07-36-39,6,1,1276.0,1214.3,452.9,765.0,57.7,1463
20260201-07-36-39,7,1,791.0,1029.2,410.6,627.0,60.5,1463
20260201-07-36-39,8,1,1299.0,1224.7,483.0,813.0,57.1,1463
20260201-07-36-39,9,1,946.0,1157.3,392.0,621.0,57.7,1463
20260201-07-36-39,10,1,688.0,936.1,447.6,684.0,61.8,1463
20260201-07-36-39,11,1,869.0,1135.2,461.4,767.0,56.7,1463
20260201-07-36-39,12,1,941.0,1143.4,409.6,618.0,55.8,1463
20260201-07-36-39,13,0,1587.0,1493.3,499.5,475.0,45.5,1463
20260201-07-36-39,14,1,972.0,1191.9,456.4,744.0,56.3,1463
20260201-07-36-39,15,1,324.0,444.0,374.5,66.0,66.3,1463
20260201-07-36-39,16,1,933.0,1155.2,435.6,710.0,54.3,1463
20260201-07-36-39,17,0,1579.0,1500.7,476.6,464.2,44.7,1463
20260201-07-36-39,18,1,980.0,1124.3,493.6,662.0,55.3,1463
20260201-10-48-31,0,1,868.0,1147.3,490.5,798.0,55.5,1463
20260201-10-48-31,1,0,1565.0,1468.3,515.3,474.0,46.4,1463
20260201-10-48-31,2,1,1307.0,1287.1,371.6,522.0,55.9,1463
20260201-10-48-31,3,1,1043.0,1197.1,421.4,597.0,56.2,1463
20260201-10-48-31,4,1,859.0,1029.3,508.1,877.0,58.5,1463
20260201-10-48-31,5,1,1222.0,1253.6,438.8,700.0,55.6,1463
20260201-10-48-31,6,1,924.0,1154.8,477.4,749.0,55.0,1463
20260201-10-48-31,7,1,499.0,739.5,485.9,168.0,65.3,1463
20260201-10-48-31,8,1,998.0,1181.2,445.9,683.0,56.5,1463
20260201-10-48-31,9,1,1416.0,1392.1,419.0,499.0,46.7,1463
20260201-10-48-31,10,1,647.0,869.8,442.6,660.0,63.0,1463
20260201-10-48-31,11,1,643.0,927.5,493.8,781.0,60.4,1463
20260201-10-48-31,12,1,930.0,1154.6,468.4,735.0,54.8,1463
20260201-10-48-31,13,0,1591.0,1488.3,515.6,486.0,45.8,1463
20260201-10-48-31,14,1,1063.0,1235.4,439.6,689.0,56.2,1463
20260201-10-48-31,15,1,583.0,935.4,582.5,939.0,56.6,1463
20260201-10-48-31,16,1,822.0,1048.9,448.7,696.0,53.7,1463
20260201-10-48-31,17,0,1572.0,1490.3,489.9,499.0,42.7,1463
20260201-10-48-31,18,1,940.0,1079.4,486.4,689.0,56.6,1463
20260201-13-39-05,0,1,1018.0,1200.9,478.1,681.0,54.0,1463
20260201-13-39-05,1,0,1554.0,1449.1,525.4,461.0,45.0,1463
20260201-13-39-05,2,1,1311.0,1316.3,384.0,565.0,56.2,1463
20260201-13-39-05,3,1,1182.0,1253.9,420.4,579.0,58.0,1463
20260201-13-39-05,4,1,934.0,1083.7,493.7,856.0,57.1,1463
20260201-13-39-05,5,1,732.0,1076.0,531.8,881.0,57.6,1463
20260201-13-39-05,6,1,1261.0,1218.5,429.0,666.0,57.2,1463
20260201-13-39-05,7,1,723.0,944.4,412.8,618.0,61.9,1463
20260201-13-39-05,8,1,913.0,1119.1,433.1,657.0,58.5,1463
20260201-13-39-05,9,1,1370.0,1374.4,432.0,527.0,46.0,1463
20260201-13-39-05,10,1,651.0,993.0,521.5,875.0,60.7,1463
20260201-13-39-05,11,1,570.0,832.3,494.8,739.0,62.6,1463
20260201-13-39-05,12,1,1148.0,1246.0,429.6,623.2,53.6,1463
20260201-13-39-05,13,0,1526.0,1446.0,526.3,508.0,45.9,1463
20260201-13-39-05,14,1,1280.0,1260.8,419.0,642.0,55.5,1463
20260201-13-39-05,15,1,674.0,941.3,499.9,738.0,58.5,1463
20260201-13-39-05,16,1,929.0,1140.6,464.3,712.0,51.7,1463
20260201-13-39-05,17,0,1538.0,1462.8,514.4,506.0,43.9,1463
20260201-13-39-05,18,1,999.0,1117.8,470.5,646.0,54.8,1463
20260201-16-40-17,0,1,478.0,740.4,525.3,172.0,68.2,1463
20260201-16-40-17,1,0,1557.0,1437.4,555.1,505.0,45.8,1463
20260201-16-40-17,2,1,1143.0,1212.4,383.9,571.0,56.3,1463
20260201-16-40-17,3,1,830.0,1076.5,476.8,738.0,59.1,1463
20260201-16-40-17,4,1,914.0,1165.7,463.8,725.0,59.0,1463
20260201-16-40-17,5,1,760.0,1090.9,525.7,911.0,59.7,1463
20260201-16-40-17,6,1,1307.0,1287.7,400.1,652.0,53.1,1463
20260201-16-40-17,7,1,1146.0,1270.6,405.7,612.0,55.1,1463
20260201-16-40-17,8,1,975.0,1161.9,416.3,648.0,59.9,1463
20260201-16-40-17,9,1,1287.0,1276.3,374.9,605.0,56.7,1463
20260201-16-40-17,10,1,891.0,1133.8,449.7,683.0,55.7,1463
20260201-16-40-17,11,1,1303.0,1328.0,408.9,578.0,53.8,1463
20260201-16-40-17,12,1,856.0,1096.0,450.2,669.0,56.9,1463
20260201-16-40-17,13,0,1593.0,1481.4,537.7,515.0,47.1,1463
20260201-16-40-17,14,1,1053.0,1217.2,432.3,670.0,56.4,1463
20260201-16-40-17,15,1,581.0,782.6,488.9,126.0,60.9,1463
20260201-16-40-17,16,1,900.0,1079.7,433.9,621.0,53.5,1463
20260201-16-40-17,17,0,1515.0,1432.4,533.3,512.0,42.9,1463
20260201-16-40-17,18,1,1146.0,1192.3,483.1,571.0,56.4,1463
20260201-19-52-10,0,1,1332.0,1262.9,541.2,874.0,46.4,1463
20260201-19-52-10,1,0,1499.0,1409.8,547.7,532.0,46.0,1463
20260201-19-52-10,2,1,1345.0,1299.7,474.1,746.0,48.9,1463
20260201-19-52-10,3,1,1330.5,1306.1,502.8,764.0,51.2,1463
20260201-19-52-10,4,1,1359.0,1298.0,525.0,942.0,50.2,1463
20260201-19-52-10,5,1,1315.0,1330.1,377.7,504.0,55.7,1463
20260201-19-52-10,6,1,1295.0,1255.9,503.3,767.0,48.1,1463
20260201-19-52-10,7,1,375.0,556.1,425.1,123.0,68.7,1463
20260201-19-52-10,8,1,955.0,1150.1,431.8,671.0,59.2,1463
20260201-19-52-10,9,1,1321.0,1340.6,452.5,643.8,47.5,1463
20260201-19-52-10,10,1,318.0,330.6,58.4,49.0,71.5,1463
20260201-19-52-10,11,1,701.0,1038.6,532.5,876.0,57.8,1463
20260201-19-52-10,12,1,1310.0,1274.3,516.5,850.0,47.3,1463
20260201-19-52-10,13,0,1547.0,1441.1,551.7,530.0,47.1,1463
20260201-19-52-10,14,1,1296.0,1347.0,417.2,566.0,52.8,1463
20260201-19-52-10,15,1,308.0,344.2,177.7,55.0,69.6,1463
20260201-19-52-10,16,1,338.0,447.0,345.1,81.0,64.6,1463
20260201-19-52-10,17,0,1549.0,1467.1,525.7,545.0,42.6,1463
20260201-19-52-10,18,1,1282.0,1174.2,606.9,1064.0,48.5,1463
20260201-23-25-18,0,1,1333.0,1251.6,553.4,960.0,46.4,1463
20260201-23-25-18,1,0,1515.0,1442.3,519.1,508.0,46.2,1463
20260201-23-25-18,2,1,1339.0,1309.1,476.5,724.0,47.5,1463
20260201-23-25-18,3,1,1335.0,1309.1,488.8,695.8,50.0,1463
20260201-23-25-18,4,1,1308.0,1233.4,543.9,981.0,47.4,1463
20260201-23-25-18,5,1,1323.0,1335.0,502.2,722.0,45.6,1463
20260201-23-25-18,6,1,1307.0,1323.3,501.9,765.0,45.9,1463
20260201-23-25-18,7,1,1294.0,1282.2,511.4,799.0,50.0,1463
20260201-23-25-18,8,1,1336.0,1292.5,507.8,767.0,50.1,1463
20260201-23-25-18,9,1,1325.0,1334.2,448.6,657.0,48.7,1463
20260201-23-25-18,10,1,1305.0,1290.3,503.6,867.0,48.3,1463
20260201-23-25-18,11,1,1337.0,1359.4,445.3,648.0,46.8,1463
20260201-23-25-18,12,1,1306.0,1273.3,523.1,880.0,48.0,1463
20260201-23-25-18,13,0,1546.0,1444.2,549.8,526.0,45.6,1463
20260201-23-25-18,14,1,1354.0,1306.6,499.0,844.0,47.0,1463
20260201-23-25-18,15,1,1311.0,1252.6,543.2,837.0,47.8,1463
20260201-23-25-18,16,1,1329.0,1326.1,522.7,809.0,43.5,1463
20260201-23-25-18,17,0,1529.0,1448.1,527.6,534.0,45.3,1463
20260201-23-25-18,18,1,1226.0,1143.2,604.9,1011.0,48.8,1463
20260202-00-50-34,0,1,1336.0,1202.5,608.7,1172.0,47.5,1463
20260202-00-50-34,1,0,1520.0,1438.5,525.9,504.0,46.4,1463
20260202-00-50-34,2,1,1336.0,1290.9,473.3,724.0,48.0,1463
20260202-00-50-34,3,1,1319.0,1284.7,492.8,690.0,50.8,1463
20260202-00-50-34,4,1,1316.0,1256.7,524.1,918.0,46.9,1463
20260202-00-50-34,5,1,1337.0,1359.4,489.0,667.5,45.9,1463
20260202-00-50-34,6,1,1305.0,1302.5,510.5,812.0,46.7,1463
20260202-00-50-34,7,1,1298.0,1296.6,501.9,780.0,49.0,1463
20260202-00-50-34,8,1,1344.0,1293.4,516.8,808.0,50.1,1463
20260202-00-50-34,9,1,1359.0,1357.4,454.8,686.0,49.1,1463
20260202-00-50-34,10,1,1299.0,1285.2,494.1,858.0,48.4,1463
20260202-00-50-34,11,1,1341.0,1357.2,453.7,661.0,47.2,1463
20260202-00-50-34,12,1,1307.0,1270.9,531.3,942.0,48.1,1463
20260202-00-50-34,13,0,1550.0,1434.7,553.9,520.0,45.9,1463
20260202-00-50-34,14,1,1351.0,1314.3,491.8,809.0,46.9,1463
20260202-00-50-34,15,1,1316.0,1276.8,530.6,799.0,47.2,1463
20260202-00-50-34,16,1,1356.0,1363.7,500.1,707.0,43.5,1463
20260202-00-50-34,17,0,1532.0,1455.2,516.0,529.0,45.2,1463
20260202-00-50-34,18,1,1257.0,1165.5,599.9,1009.0,48.7,1463
20260202-04-23-42,0,1,1336.0,1267.0,541.5,876.0,46.8,1463
20260202-04-23-42,1,0,1526.0,1452.4,514.4,506.0,46.6,1463
20260202-04-23-42,2,1,1336.0,1298.3,475.5,738.0,48.1,1463
20260202-04-23-42,3,1,1329.0,1303.6,484.8,688.0,50.3,1463
20260202-04-23-42,4,1,1309.0,1249.6,519.8,881.0,47.4,1463
20260202-04-23-42,5,1,1394.0,1371.4,489.3,633.0,46.1,1463
20260202-04-23-42,6,1,1303.0,1258.5,526.8,958.0,48.6,1463
20260202-04-23-42,7,1,1298.0,1316.3,484.5,715.0,48.2,1463
20260202-04-23-42,8,1,1318.0,1268.1,548.1,938.0,48.6,1463
20260202-04-23-42,9,1,1414.0,1376.2,452.2,594.0,47.6,1463
20260202-04-23-42,10,1,1310.0,1277.7,512.5,882.0,49.5,1463
20260202-04-23-42,11,1,1426.0,1421.9,427.2,605.0,49.0,1463
20260202-04-23-42,12,1,1315.0,1319.8,502.3,800.2,47.4,1463
20260202-04-23-42,13,0,1538.0,1441.4,542.7,531.0,46.4,1463
20260202-04-23-42,14,1,1407.0,1360.5,493.0,665.0,46.6,1463
20260202-04-23-42,15,1,1329.0,1267.8,543.4,836.0,47.4,1463
20260202-04-23-42,16,1,1380.0,1355.0,516.9,792.0,44.0,1463
20260202-04-23-42,17,0,1533.0,1462.0,512.1,534.0,45.0,1463
20260202-04-23-42,18,1,1281.0,1173.2,602.4,1013.0,48.7,1463
20260202-07-03-34,0,1,801.0,1067.2,498.8,794.0,59.5,1463
20260202-07-03-34,1,0,1533.0,1447.4,525.5,496.0,47.1,1463
20260202-07-03-34,2,1,966.0,1179.4,442.9,707.0,55.6,1463
20260202-07-03-34,3,1,1355.0,1291.7,533.3,872.0,50.3,1463
20260202-07-03-34,4,1,1097.0,1152.9,443.1,671.0,56.5,1463
20260202-07-03-34,5,1,782.0,1097.7,511.8,870.0,59.8,1463
20260202-07-03-34,6,1,809.0,1081.5,471.0,795.0,59.8,1463
20260202-07-03-34,7,1,1131.0,1236.9,383.6,591.0,56.3,1463
20260202-07-03-34,8,1,781.0,1054.2,469.5,744.0,59.2,1463
20260202-07-03-34,9,1,1432.0,1397.7,426.7,526.0,47.3,1463
20260202-07-03-34,10,1,876.0,1104.7,441.1,720.0,58.1,1463
20260202-07-03-34,11,1,808.0,1102.7,482.6,809.0,58.0,1463
20260202-07-03-34,12,1,897.0,1166.0,461.4,744.0,56.2,1463
20260202-07-03-34,13,0,1560.0,1461.1,537.0,527.0,45.2,1463
20260202-07-03-34,14,1,1316.0,1289.2,525.6,910.0,47.2,1463
20260202-07-03-34,15,1,1334.0,1301.6,515.1,733.0,49.6,1463
20260202-07-03-34,16,1,1024.0,1203.0,489.3,805.0,51.3,1463
20260202-07-03-34,17,0,1516.0,1441.7,512.2,518.0,45.8,1463
20260202-07-03-34,18,1,402.0,483.7,271.2,106.0,72.1,1463
20260202-10-04-45,0,1,819.0,1080.7,481.7,729.0,58.4,1463
20260202-10-04-45,1,0,1573.0,1459.8,530.9,485.0,47.5,1463
20260202-10-04-45,2,1,1344.0,1388.3,407.0,516.0,55.9,1463
20260202-10-04-45,3,1,1139.0,1247.5,445.3,621.0,56.5,1463
20260202-10-04-45,4,1,1325.0,1261.7,513.1,841.0,48.6,1463
20260202-10-04-45,5,1,477.0,869.0,595.2,993.0,62.9,1463
20260202-10-04-45,6,1,781.0,1092.8,505.8,854.0,60.4,1463
20260202-10-04-45,7,1,976.0,1202.4,450.6,708.0,56.5,1463
20260202-10-04-45,8,1,902.0,1109.5,465.0,698.0,57.9,1463
20260202-10-04-45,9,0,1529.0,1509.3,443.3,519.0,44.1,1463
20260202-10-04-45,10,1,638.0,945.6,516.3,862.0,62.2,1463
20260202-10-04-45,11,1,573.0,947.7,580.1,966.0,61.1,1463
20260202-10-04-45,12,1,1053.0,1225.9,467.0,751.0,55.0,1463
20260202-10-04-45,13,0,1575.0,1491.5,498.3,454.0,44.4,1463
20260202-10-04-45,14,1,821.0,1111.5,467.9,763.0,58.2,1463
20260202-10-04-45,15,1,679.0,934.8,511.2,790.0,59.3,1463
20260202-10-04-45,16,1,949.0,1172.2,472.9,753.0,53.0,1463
20260202-10-04-45,17,0,1545.0,1463.2,519.0,506.2,44.5,1463
20260202-10-04-45,18,1,862.0,1057.0,502.9,759.0,58.3,1463
20260202-13-58-55,0,1,1085.0,1208.0,449.1,599.0,54.1,1463
20260202-13-58-55,1,0,1539.0,1432.6,542.3,472.0,46.8,1463
20260202-13-58-55,2,1,1315.0,1278.8,351.9,509.0,56.5,1463
20260202-13-58-55,3,1,1063.0,1181.6,439.9,616.0,60.4,1463
20260202-13-58-55,4,1,704.0,926.5,436.8,634.0,63.7,1463
20260202-13-58-55,5,1,618.0,992.0,581.6,966.0,59.7,1463
20260202-13-58-55,6,1,847.0,1109.0,473.0,772.0,59.4,1463
20260202-13-58-55,7,1,708.0,925.2,442.9,642.0,63.8,1463
20260202-13-58-55,8,1,795.0,1081.5,488.0,747.0,57.7,1463
20260202-13-58-55,9,0,1554.0,1488.8,489.9,520.0,46.3,1463
20260202-13-58-55,10,1,650.0,962.7,511.0,856.0,61.4,1463
20260202-13-58-55,11,1,655.0,962.5,511.8,823.0,60.7,1463
20260202-13-58-55,12,1,997.0,1205.4,475.1,707.0,57.4,1463
20260202-13-58-55,13,0,1586.0,1509.1,480.6,483.0,45.9,1463
20260202-13-58-55,14,1,1296.0,1311.4,439.0,657.0,56.6,1463
20260202-13-58-55,15,1,490.0,769.4,540.5,786.0,61.9,1463
20260202-13-58-55,16,1,368.0,572.9,480.9,112.0,62.0,1463
20260202-13-58-55,17,0,1541.0,1415.4,572.5,528.0,44.9,1463
20260202-13-58-55,18,1,858.0,973.2,505.1,616.0,58.7,1463
20260202-16-17-28,0,1,935.0,1129.4,439.1,648.0,59.3,1463
20260202-16-17-28,1,1,851.0,1119.4,485.8,724.0,57.1,1463
20260202-16-17-28,2,0,1543.0,1422.8,547.8,456.0,44.7,1463
20260202-16-17-28,3,1,1322.0,1330.2,375.0,414.0,54.2,1463
20260202-16-17-28,4,1,1098.0,1219.2,474.8,685.0,57.5,1463
20260202-16-17-28,5,1,942.0,1141.9,435.7,668.0,59.0,1463
20260202-16-17-28,6,1,797.0,1101.3,488.4,797.0,59.3,1463
20260202-16-17-28,7,1,1283.0,1250.1,422.0,579.0,54.1,1463
20260202-16-17-28,8,1,498.0,662.9,424.3,103.0,68.2,1463
20260202-16-17-28,9,1,955.0,1178.6,444.1,683.0,56.8,1463
20260202-16-17-28,10,0,1557.0,1497.3,473.2,503.0,45.4,1463
20260202-16-17-28,11,1,672.0,942.3,491.8,748.0,60.4,1463
20260202-16-17-28,12,1,612.0,866.6,480.4,712.0,61.9,1463
20260202-16-17-28,13,1,525.0,805.0,519.9,821.0,67.8,1463
20260202-16-17-28,14,0,1596.0,1523.9,474.3,492.0,46.6,1463
20260202-16-17-28,15,1,1278.0,1285.8,427.4,638.0,57.0,1463
20260202-16-17-28,16,1,641.0,954.8,556.3,857.0,56.3,1463
20260202-16-17-28,17,1,399.0,528.8,377.6,113.0,65.1,1463
20260202-16-17-28,18,0,1517.0,1384.0,591.6,528.0,44.2,1463
20260202-16-17-28,19,1,522.0,640.1,422.0,97.0,68.7,1463
20260202-19-08-00,0,1,1338.0,1190.4,594.2,1122.0,49.2,1463
20260202-19-08-00,1,1,1342.0,1266.7,534.1,928.0,47.6,1463
20260202-19-08-00,2,0,1519.0,1431.9,528.6,466.0,46.0,1463
20260202-19-08-00,3,1,1097.0,1219.0,425.4,615.0,54.5,1463
20260202-19-08-00,4,1,897.0,1111.1,492.1,726.0,58.3,1463
20260202-19-08-00,5,1,378.0,423.2,201.1,48.0,70.0,1463
20260202-19-08-00,6,1,775.0,1084.9,494.0,790.0,60.0,1463
20260202-19-08-00,7,1,1307.0,1277.8,505.0,801.0,49.9,1463
20260202-19-08-00,8,1,481.0,744.8,511.0,191.0,67.4,1463
20260202-19-08-00,9,1,906.0,1149.7,448.6,703.0,58.3,1463
20260202-19-08-00,10,0,1537.0,1490.3,474.7,496.0,45.3,1463
20260202-19-08-00,11,1,1324.0,1289.1,493.4,773.0,49.7,1463
20260202-19-08-00,12,1,656.0,897.4,447.0,663.0,60.7,1463
20260202-19-08-00,13,1,1303.0,1274.7,524.4,878.0,48.6,1463
20260202-19-08-00,14,0,1561.0,1499.6,491.1,527.0,44.7,1463
20260202-19-08-00,15,1,1296.0,1236.7,529.4,924.0,48.4,1463
20260202-19-08-00,16,1,1397.0,1327.0,514.7,766.0,46.4,1463
20260202-19-08-00,17,1,1310.0,1308.8,518.1,746.0,45.5,1463
20260202-19-08-00,18,0,1524.0,1392.2,592.5,546.0,45.5,1463
20260202-19-08-00,19,1,1148.0,1125.6,628.2,1306.0,49.5,1463
20260202-23-13-07,0,1,1344.0,1232.4,573.8,1060.0,48.3,1463
20260202-23-13-07,1,1,1343.0,1271.2,553.9,981.0,46.9,1463
20260202-23-13-07,2,0,1533.0,1438.3,534.4,485.0,46.5,1463
20260202-23-13-07,3,1,1324.0,1274.4,477.2,723.0,47.7,1463
20260202-23-13-07,4,1,1321.0,1229.8,545.8,900.0,50.6,1463
20260202-23-13-07,5,1,1311.0,1244.2,529.9,910.0,48.5,1463
20260202-23-13-07,6,1,1340.0,1366.7,498.3,684.0,46.2,1463
20260202-23-13-07,7,1,1304.0,1307.5,508.8,784.0,46.9,1463
20260202-23-13-07,8,1,1302.0,1283.3,529.3,907.2,51.2,1463
20260202-23-13-07,9,1,1333.0,1336.9,473.9,743.0,48.6,1463
20260202-23-13-07,10,0,1536.0,1495.2,466.2,532.0,47.8,1463
20260202-23-13-07,11,1,1334.0,1305.6,510.1,925.0,48.5,1463
20260202-23-13-07,12,1,1379.0,1400.1,432.2,576.0,49.5,1463
20260202-23-13-07,13,1,1306.0,1296.2,521.3,871.0,48.3,1463
20260202-23-13-07,14,0,1564.0,1487.8,506.7,528.0,45.8,1463
20260202-23-13-07,15,1,1325.0,1307.2,504.8,728.0,46.2,1463
20260202-23-13-07,16,1,1359.0,1326.5,526.3,831.0,45.8,1463
20260202-23-13-07,17,1,1315.0,1311.8,539.0,836.0,45.3,1463
20260202-23-13-07,18,0,1518.0,1389.8,579.8,566.0,46.0,1463
20260202-23-13-07,19,1,1121.0,1109.9,629.7,1332.0,50.4,1463
20260203-01-21-00,0,1,461.0,660.0,452.3,111.0,67.1,1463
20260203-01-21-00,1,1,1343.0,1274.6,538.0,937.0,46.3,1463
20260203-01-21-00,2,0,1540.0,1452.2,519.6,482.0,46.2,1463
20260203-01-21-00,3,1,1329.0,1289.0,478.3,737.0,47.7,1463
20260203-01-21-00,4,1,1321.0,1207.7,550.1,889.0,51.6,1463
20260203-01-21-00,5,1,1313.0,1233.7,544.9,983.0,48.2,1463
20260203-01-21-00,6,1,1354.0,1375.9,479.1,603.0,46.7,1463
20260203-01-21-00,7,1,1307.0,1292.3,504.3,834.0,49.3,1463
20260203-01-21-00,8,1,1297.0,1283.3,518.6,853.0,51.1,1463
20260203-01-21-00,9,1,1383.0,1343.4,486.3,821.0,47.9,1463
20260203-01-21-00,10,0,1537.0,1497.7,464.6,529.0,46.5,1463
20260203-01-21-00,11,1,1321.0,1300.3,506.1,898.0,48.9,1463
20260203-01-21-00,12,1,1382.0,1388.0,429.7,569.0,48.7,1463
20260203-01-21-00,13,1,1301.0,1313.7,504.8,848.0,47.2,1463
20260203-01-21-00,14,0,1564.0,1525.5,447.2,527.0,45.3,1463
20260203-01-21-00,15,1,1318.0,1298.6,523.8,761.0,46.7,1463
20260203-01-21-00,16,1,1357.0,1350.5,498.1,747.0,45.6,1463
20260203-01-21-00,17,1,1324.0,1330.0,530.0,772.0,44.9,1463
20260203-01-21-00,18,0,1534.0,1396.7,588.2,535.5,45.3,1463
20260203-01-21-00,19,1,1173.0,1114.0,634.2,1338.0,49.8,1463
20260203-02-14-17,0,1,1340.0,1245.3,557.7,1008.0,48.3,1463
20260203-02-14-17,1,1,1341.0,1257.7,549.3,989.0,46.5,1463
20260203-02-14-17,2,0,1543.0,1455.6,522.0,490.0,46.9,1463
20260203-02-14-17,3,1,1325.0,1281.8,475.1,727.0,47.3,1463
20260203-02-14-17,4,1,1326.0,1241.4,539.7,897.0,50.6,1463
20260203-02-14-17,5,1,1317.0,1255.7,529.4,915.0,48.5,1463
20260203-02-14-17,6,1,1333.0,1357.6,492.1,684.0,46.6,1463
20260203-02-14-17,7,1,1304.0,1315.6,498.1,740.0,46.4,1463
20260203-02-14-17,8,1,1297.0,1296.4,516.3,827.0,50.8,1463
20260203-02-14-17,9,1,1396.0,1350.6,503.5,818.0,47.3,1463
20260203-02-14-17,10,0,1534.0,1491.8,468.0,530.0,46.7,1463
20260203-02-14-17,11,1,1310.0,1286.6,500.5,870.0,49.3,1463
20260203-02-14-17,12,1,1359.0,1384.5,427.2,556.0,48.8,1463
20260203-02-14-17,13,1,1298.0,1307.7,507.4,875.0,47.4,1463
20260203-02-14-17,14,0,1568.0,1526.7,454.9,539.0,45.3,1463
20260203-02-14-17,15,1,1323.0,1314.9,516.9,754.0,45.8,1463
20260203-02-14-17,16,1,1316.0,1302.9,516.5,813.0,45.7,1463
20260203-02-14-17,17,1,1353.0,1341.5,530.0,804.0,45.5,1463
20260203-02-14-17,18,0,1524.0,1386.5,584.8,549.0,45.1,1463
20260203-02-14-17,19,1,1155.0,1132.6,624.5,1084.0,49.6,1463
20260203-03-18-14,0,1,1344.0,1251.6,562.3,1011.0,48.0,1463
20260203-03-18-14,1,1,1344.0,1253.4,562.4,1053.0,47.3,1463
20260203-03-18-14,2,0,1518.0,1440.8,526.0,506.0,47.1,1463
20260203-03-18-14,3,1,1349.0,1300.6,501.6,848.0,47.9,1463
20260203-03-18-14,4,1,1327.0,1284.4,518.9,773.0,51.3,1463
20260203-03-18-14,5,1,1316.0,1254.5,524.9,913.0,48.6,1463
20260203-03-18-14,6,1,1332.0,1351.0,487.0,705.0,46.4,1463
20260203-03-18-14,7,1,1302.0,1310.3,501.5,777.0,47.4,1463
20260203-03-18-14,8,1,1305.0,1306.2,500.9,758.0,50.5,1463
20260203-03-18-14,9,1,1365.0,1332.3,518.4,857.0,47.8,1463
20260203-03-18-14,10,0,1538.0,1499.4,463.2,527.0,46.5,1463
20260203-03-18-14,11,1,1322.0,1305.0,501.9,878.0,48.4,1463
20260203-03-18-14,12,1,1375.0,1381.2,439.0,616.0,48.9,1463
20260203-03-18-14,13,1,1306.0,1290.0,517.7,862.0,48.2,1463
20260203-03-18-14,14,0,1557.0,1494.8,490.8,531.0,45.5,1463
20260203-03-18-14,15,1,1314.0,1323.2,511.5,705.0,46.3,1463
20260203-03-18-14,16,1,1327.0,1319.1,506.4,773.8,45.8,1463
20260203-03-18-14,17,1,1325.0,1343.1,524.6,743.0,44.8,1463
20260203-03-18-14,18,0,1527.0,1416.6,561.0,542.0,46.3,1463
20260203-03-18-14,19,1,1162.0,1121.4,628.3,1284.0,49.8,1463
20260203-04-54-09,0,1,1345.0,1248.4,548.7,958.0,50.5,1463
20260203-04-54-09,1,1,1343.0,1225.2,594.2,1156.0,48.0,1463
20260203-04-54-09,2,0,1537.0,1476.6,491.5,500.0,45.6,1463
20260203-04-54-09,3,1,1331.0,1288.4,485.9,758.0,47.6,1463
20260203-04-54-09,4,1,1337.0,1288.3,516.7,737.0,52.2,1463
20260203-04-54-09,5,1,1324.0,1272.9,513.2,844.0,48.8,1463
20260203-04-54-09,6,1,1317.0,1337.5,495.8,729.8,45.8,1463
20260203-04-54-09,7,1,1310.0,1332.1,489.4,743.0,47.5,1463
20260203-04-54-09,8,1,1306.0,1330.3,484.7,709.0,50.2,1463
20260203-04-54-09,9,1,1352.0,1331.5,511.9,852.0,48.2,1463
20260203-04-54-09,10,0,1542.0,1493.3,470.1,528.0,47.3,1463
20260203-04-54-09,11,1,1309.0,1301.7,486.3,809.0,48.9,1463
20260203-04-54-09,12,1,1302.0,1330.1,485.5,761.0,47.4,1463
20260203-04-54-09,13,1,1310.0,1293.2,521.7,860.0,49.2,1463
20260203-04-54-09,14,0,1563.0,1503.5,480.5,518.0,45.1,1463
20260203-04-54-09,15,1,1321.0,1324.2,511.0,747.0,47.2,1463
20260203-04-54-09,16,1,1359.0,1328.9,494.5,766.0,45.5,1463
20260203-04-54-09,17,1,1335.0,1343.6,518.7,738.0,45.0,1463
20260203-04-54-09,18,0,1525.0,1401.6,570.4,545.0,46.1,1463
20260203-04-54-09,19,1,1174.0,1126.7,626.1,1328.0,49.7,1463
20260203-05-58-06,0,1,1358.0,1287.7,540.2,908.0,48.3,1463
20260203-05-58-06,1,1,1365.0,1322.7,542.6,966.0,45.9,1463
20260203-05-58-06,2,0,1511.0,1440.6,513.7,475.0,44.7,1463
20260203-05-58-06,3,1,1339.0,1297.4,478.9,757.0,47.3,1463
20260203-05-58-06,4,1,1344.0,1283.3,483.8,664.0,47.1,1463
20260203-05-58-06,5,1,1342.0,1294.6,493.8,874.0,46.5,1463
20260203-05-58-06,6,1,1330.0,1354.0,474.8,644.0,46.4,1463
20260203-05-58-06,7,1,1313.0,1333.2,494.2,774.0,47.4,1463
20260203-05-58-06,8,1,1313.0,1265.8,550.3,1064.0,50.4,1463
20260203-05-58-06,9,1,1372.0,1333.8,494.2,832.0,46.5,1463
20260203-05-58-06,10,0,1559.0,1514.3,455.0,495.0,45.4,1463
20260203-05-58-06,11,1,1298.0,1269.9,513.3,837.0,47.0,1463
20260203-05-58-06,12,1,1363.0,1373.1,468.3,719.0,47.5,1463
20260203-05-58-06,13,1,1325.0,1313.1,510.4,809.0,49.1,1463
20260203-05-58-06,14,0,1571.0,1514.5,476.7,518.0,45.9,1463
20260203-05-58-06,15,1,1320.0,1324.6,509.2,743.0,46.8,1463
20260203-05-58-06,16,1,1339.0,1316.8,497.7,690.0,47.3,1463
20260203-05-58-06,17,1,1401.0,1337.7,508.4,708.0,45.3,1463
20260203-05-58-06,18,0,1548.0,1414.7,569.8,516.0,45.7,1463
20260203-05-58-06,19,1,1306.0,1154.6,616.4,1084.0,51.2,1463
20260203-06-40-44,0,1,1357.0,1298.9,533.3,838.0,49.7,1463
20260203-06-40-44,1,1,830.0,1090.2,477.5,736.0,59.1,1463
20260203-06-40-44,2,0,1524.0,1447.7,519.2,499.0,46.4,1463
20260203-06-40-44,3,1,1331.0,1289.1,484.9,749.0,47.7,1463
20260203-06-40-44,4,1,1346.0,1296.4,512.9,750.0,51.3,1463
20260203-06-40-44,5,1,1318.0,1254.2,524.6,921.0,50.2,1463
20260203-06-40-44,6,1,1393.5,1380.1,489.2,713.0,46.4,1463
20260203-06-40-44,7,1,531.0,775.6,491.6,442.0,65.4,1463
20260203-06-40-44,8,1,719.0,976.1,478.8,749.0,63.0,1463
20260203-06-40-44,9,1,730.0,1066.5,534.5,899.0,60.5,1463
20260203-06-40-44,10,0,1547.0,1511.8,447.1,496.0,44.8,1463
20260203-06-40-44,11,1,1294.0,1272.7,519.7,873.0,48.2,1463
20260203-06-40-44,12,1,1437.0,1381.9,458.9,565.0,47.3,1463
20260203-06-40-44,13,1,1331.0,1282.8,525.2,854.0,47.2,1463
20260203-06-40-44,14,0,1592.0,1527.7,461.9,495.0,46.8,1463
20260203-06-40-44,15,1,1069.0,1190.4,426.9,613.0,56.8,1463
20260203-06-40-44,16,1,1325.0,1322.9,495.5,675.0,46.1,1463
20260203-06-40-44,17,1,1418.0,1344.0,517.7,817.0,46.8,1463
20260203-06-40-44,18,0,1530.0,1403.4,575.3,536.0,47.0,1463
20260203-06-40-44,19,1,1327.0,1178.2,621.9,1064.0,51.7,1463
20260203-07-23-22,0,1,976.0,1195.9,465.7,727.0,59.4,1463
20260203-07-23-22,1,1,988.0,1189.1,466.3,719.0,56.7,1463
20260203-07-23-22,2,0,1522.0,1448.3,513.2,489.0,47.0,1463
20260203-07-23-22,3,1,1333.0,1287.0,469.3,755.0,50.2,1463
20260203-07-23-22,4,1,944.0,1153.9,490.5,753.0,58.7,1463
20260203-07-23-22,5,1,1355.0,1313.0,511.3,812.0,50.1,1463
20260203-07-23-22,6,1,1335.0,1382.9,395.0,540.0,54.9,1463
20260203-07-23-22,7,1,531.0,795.8,525.7,789.0,65.7,1463
20260203-07-23-22,8,1,1290.0,1271.2,409.9,598.0,58.5,1463
20260203-07-23-22,9,1,1108.0,1219.7,442.9,680.0,55.3,1463
20260203-07-23-22,10,0,1570.0,1518.6,458.2,472.0,47.3,1463
20260203-07-23-22,11,1,803.0,1041.7,423.7,684.0,60.2,1463
20260203-07-23-22,12,1,875.0,1121.4,432.8,726.0,59.3,1463
20260203-07-23-22,13,1,731.0,978.9,467.5,751.0,64.1,1463
20260203-07-23-22,14,0,1585.0,1522.7,456.8,468.0,45.5,1463
20260203-07-23-22,15,1,1262.0,1206.2,425.1,639.0,58.1,1463
20260203-07-23-22,16,1,476.0,659.8,455.2,93.0,65.8,1463
20260203-07-23-22,17,1,935.0,1151.8,447.3,702.0,54.2,1463
20260203-07-23-22,18,0,1540.0,1441.8,532.3,501.0,47.0,1463
20260203-07-23-22,19,1,945.0,1063.1,491.0,643.0,58.1,1463
20260203-08-59-17,0,1,926.0,1153.8,443.8,651.0,58.2,1463
20260203-08-59-17,1,1,1297.0,1260.0,445.6,628.0,56.3,1463
20260203-08-59-17,2,0,1559.0,1460.5,505.9,428.0,46.8,1463
20260203-08-59-17,3,1,706.0,935.7,458.8,683.0,60.5,1463
20260203-08-59-17,4,1,1175.5,1208.9,415.9,591.0,60.7,1463
20260203-08-59-17,5,1,973.0,1173.8,428.8,652.0,57.7,1463
20260203-08-59-17,6,1,423.0,641.4,492.5,89.0,64.7,1463
20260203-08-59-17,7,1,1238.0,1216.7,425.4,614.0,55.0,1463
20260203-08-59-17,8,1,694.0,986.2,496.3,811.5,62.3,1463
20260203-08-59-17,9,1,899.0,1150.8,445.0,703.0,57.4,1463
20260203-08-59-17,10,0,1552.0,1500.3,465.8,482.0,43.8,1463
20260203-08-59-17,11,1,761.0,988.8,410.0,584.0,59.5,1463
20260203-08-59-17,12,1,1265.0,1226.7,430.3,689.0,57.3,1463
20260203-08-59-17,13,1,1303.0,1285.2,408.8,580.0,56.6,1463
20260203-08-59-17,14,0,1611.0,1531.2,474.7,478.0,47.2,1463
20260203-08-59-17,15,1,1146.0,1225.4,457.0,732.0,57.4,1463
20260203-08-59-17,16,1,635.0,878.1,481.9,666.0,60.9,1463
20260203-08-59-17,17,1,1266.0,1245.5,419.5,584.0,54.0,1463
20260203-08-59-17,18,0,1534.0,1403.6,571.5,508.0,47.0,1463
20260203-08-59-17,19,1,981.0,1109.3,512.6,671.0,57.6,1463
